{
  "config": {
    "data": {
      "model_name": "facebook/opt-125m",
      "dataset_name": "wikitext",
      "dataset_config": "wikitext-2-raw-v1",
      "calib_split": "train",
      "eval_split": "test",
      "calib_num_tokens": 4096,
      "eval_num_tokens": null,
      "tokenizer_use_fast": true
    },
    "quant": {
      "beta": 1.0,
      "max_iters": 60,
      "tol": 1e-05,
      "convergence_check_every": 1,
      "codebook": [
        -2.0,
        -1.0,
        0.0,
        1.0,
        2.0
      ],
      "dtype": "float32",
      "eps": 1e-08,
      "log_every": 1
    },
    "eval": {
      "stride": 512,
      "device": "cuda"
    },
    "output_dir": "./outputs_opt_lmhead_stage1",
    "seed": 42
  },
  "quantization_completed": true,
  "baseline_ppl": 23.500680923461914,
  "quantized_ppl": 46.11455535888672,
  "quant_metrics": {
    "rel_recon_error_x": 0.05620659487072353,
    "rel_recon_error_w": 0.06232941848123934,
    "rel_logits_error": 0.0632275535969044
  },
  "convergence_iter": 60,
  "objective_history": [
    0.9214979410171509,
    0.3709372878074646,
    0.2080765962600708,
    0.16097021102905273,
    0.1433289498090744,
    0.13585445284843445,
    0.1321670562028885,
    0.1299283355474472,
    0.12833651900291443,
    0.12708482146263123,
    0.12603865563869476,
    0.12515902519226074,
    0.12439151108264923,
    0.12371870130300522,
    0.12312698364257812,
    0.12258996814489365,
    0.12210827320814133,
    0.12167229503393173,
    0.12127403914928436,
    0.12090766429901123,
    0.12057165801525116,
    0.12026046216487885,
    0.1199650913476944,
    0.1196882352232933,
    0.11942775547504425,
    0.11918400228023529,
    0.1189546063542366,
    0.11873742938041687,
    0.1185334175825119,
    0.11834245920181274,
    0.11816108971834183,
    0.11798526346683502,
    0.11782172322273254,
    0.11766589432954788,
    0.11752264201641083,
    0.11738452315330505,
    0.11725075542926788,
    0.11712373793125153,
    0.11700351536273956,
    0.11688695102930069,
    0.11677528917789459,
    0.11666907370090485,
    0.11656539142131805,
    0.11646667122840881,
    0.11637121438980103,
    0.11627880483865738,
    0.11618977040052414,
    0.11610488593578339,
    0.11602503061294556,
    0.115946464240551,
    0.11586955189704895,
    0.11579427123069763,
    0.11572128534317017,
    0.11565132439136505,
    0.11558087170124054,
    0.1155138611793518,
    0.1154501810669899,
    0.11538830399513245,
    0.11532779783010483,
    0.11527041345834732
  ],
  "objective_x_history": [
    0.16674286127090454,
    0.09653671085834503,
    0.07946152240037918,
    0.07221949100494385,
    0.0685870423913002,
    0.06649257242679596,
    0.06512382626533508,
    0.06413693726062775,
    0.06337279826402664,
    0.06274650245904922,
    0.06220516934990883,
    0.06174995377659798,
    0.06134510785341263,
    0.060985490679740906,
    0.060667406767606735,
    0.060372594743967056,
    0.06010701507329941,
    0.05986447632312775,
    0.059641510248184204,
    0.05943531170487404,
    0.059246793389320374,
    0.05907118320465088,
    0.05890130251646042,
    0.0587414912879467,
    0.05859048664569855,
    0.05844941362738609,
    0.05831589177250862,
    0.05818895250558853,
    0.05806984379887581,
    0.057959288358688354,
    0.05785413831472397,
    0.05775057151913643,
    0.057655781507492065,
    0.05756496265530586,
    0.05748305842280388,
    0.05740385502576828,
    0.05732634291052818,
    0.05725271254777908,
    0.05718374252319336,
    0.0571165569126606,
    0.05705239996314049,
    0.05699200928211212,
    0.05693266913294792,
    0.05687646567821503,
    0.056821927428245544,
    0.056769028306007385,
    0.05671805143356323,
    0.056669995188713074,
    0.05662595480680466,
    0.056582171469926834,
    0.056539297103881836,
    0.05649743601679802,
    0.05645740032196045,
    0.0564194917678833,
    0.056379541754722595,
    0.056341998279094696,
    0.05630655959248543,
    0.05627206712961197,
    0.05623815208673477,
    0.056206583976745605
  ],
  "objective_w_history": [
    0.7547550797462463,
    0.27440059185028076,
    0.12861508131027222,
    0.08875072002410889,
    0.0747419074177742,
    0.06936188042163849,
    0.0670432299375534,
    0.06579139828681946,
    0.06496372818946838,
    0.0643383264541626,
    0.06383349001407623,
    0.06340907514095306,
    0.0630464032292366,
    0.06273321062326431,
    0.06245958060026169,
    0.06221737340092659,
    0.06200125813484192,
    0.061807818710803986,
    0.06163253262639046,
    0.06147235631942749,
    0.061324868351221085,
    0.06118927523493767,
    0.06106378510594368,
    0.0609467439353466,
    0.060837272554636,
    0.0607345849275589,
    0.06063871458172798,
    0.06054847687482834,
    0.06046357750892639,
    0.06038316711783409,
    0.06030695140361786,
    0.06023469567298889,
    0.06016594544053078,
    0.06010093167424202,
    0.06003958731889725,
    0.05998067185282707,
    0.05992441624403,
    0.059871021658182144,
    0.0598197765648365,
    0.05977039411664009,
    0.059722885489463806,
    0.059677064418792725,
    0.05963272601366043,
    0.05959020555019379,
    0.05954928323626518,
    0.059509776532649994,
    0.05947171896696091,
    0.059434887021780014,
    0.0593990720808506,
    0.05936429277062416,
    0.059330251067876816,
    0.05929683893918991,
    0.05926388502120972,
    0.05923183262348175,
    0.05920133367180824,
    0.05917186662554741,
    0.05914362147450447,
    0.05911623314023018,
    0.059089645743370056,
    0.059063829481601715
  ],
  "tensor_info": {
    "X_calib": {
      "shape": [
        768,
        4096
      ],
      "dtype": "torch.float32",
      "device": "cpu",
      "mean": -0.08282167464494705,
      "std": 1.0456064939498901,
      "min": -13.247673034667969,
      "max": 14.853745460510254,
      "fro_norm": 1860.1971435546875
    },
    "W_lm_head": {
      "shape": [
        768,
        50272
      ],
      "dtype": "torch.float32",
      "device": "cpu",
      "mean": 0.025439253076910973,
      "std": 0.055402763187885284,
      "min": -0.50537109375,
      "max": 0.53515625,
      "fro_norm": 377.95306396484375
    },
    "U": {
      "shape": [
        768,
        768
      ],
      "dtype": "torch.float32",
      "device": "cpu",
      "mean": -1.531110865471419e-05,
      "std": 0.03608439117670059,
      "min": -0.5105965733528137,
      "max": 0.8165614604949951,
      "fro_norm": 27.712671279907227
    },
    "lambda_x": {
      "shape": [
        768
      ],
      "dtype": "torch.float32",
      "device": "cpu",
      "mean": 0.6758723855018616,
      "std": 0.444928377866745,
      "min": 0.3461194336414337,
      "max": 5.409144878387451,
      "fro_norm": 22.424528121948242
    },
    "lambda_w": {
      "shape": [
        768
      ],
      "dtype": "torch.float32",
      "device": "cpu",
      "mean": 0.04172445461153984,
      "std": 0.017213305458426476,
      "min": 0.005273489281535149,
      "max": 0.5080771446228027,
      "fro_norm": 1.2508361339569092
    },
    "Z_w": {
      "shape": [
        768,
        50272
      ],
      "dtype": "torch.float32",
      "device": "cpu",
      "mean": 0.0012604608200490475,
      "std": 1.1609464883804321,
      "min": -2.0,
      "max": 2.0,
      "fro_norm": 7213.66796875
    }
  },
  "timing_info": {
    "model_load_sec": 4.361461899999995,
    "tokenize_calib_sec": 8.396936200002528,
    "collect_lm_head_inputs_sec": 0.4553770999991684,
    "fit_quantizer_and_metrics_sec": 50.38939140000002,
    "fit_quantizer_sec": 48.307479399998556
  },
  "ppl_eval_info": {
    "baseline_fp": {
      "elapsed_sec": 53.58615859999918,
      "num_windows": 556.0,
      "num_eval_tokens": 286178.0,
      "num_target_tokens": 286178.0
    },
    "quantized_lm_head": {
      "elapsed_sec": 52.631988000001,
      "num_windows": 556.0,
      "num_eval_tokens": 286178.0,