{
  "model_name": "facebook/opt-125m",
  "requested_last_ks": [
    9,
    10,
    11
  ],
  "valid_last_ks": [
    9,
    10,
    11
  ],
  "results": [
    {
      "last_k": 9,
      "block_indices": [
        3,
        4,
        5,
        6,
        7,
        8,
        9,
        10,
        11
      ],
      "baseline_ppl": 23.500680923461914,
      "ours_ppl": 117.16818237304688,
      "sq_ppl": 637.6474609375,
      "ours_delta": 93.66750144958496,
      "sq_delta": 614.1467800140381,
      "output_dir": "outputs_opt_qkvo_lastk_sweep_v1\\last_9_blocks"
    },
    {
      "last_k": 10,
      "block_indices": [
        2,
        3,
        4,
        5,
        6,
        7,
        8,
        9,
        10,
        11
      ],
      "baseline_ppl": 23.500680923461914,
      "ours_ppl": 133.4709930419922,
      "sq_ppl": 803.2958374023438,
      "ours_delta": 109.97031211853027,
      "sq_delta": 779.7951564788818,
      "output_dir": "outputs_opt_qkvo_lastk_sweep_v1\\last_10_blocks"
    },
    {
      "last_k": 11,
      "block_indices": [
        1,
        2,
        3,
        4,
        5,
        6,
        7,
        8,
        9,
        10,
        11
      ],
      "baseline_ppl": 23.500680923461914,
      "ours_ppl": 162.93515014648438,
      "sq_ppl": 1037.937744140625,
      "ours_delta": 139.43446922302246,
      "sq_delta": 1014.4370632171631,
      "output_dir": "outputs_opt_qkvo_lastk_sweep_v1\\last_11_blocks"
    }
  ],
  "plot_paths": {
    "linear": "outputs_opt_qkvo_lastk_sweep_v1\\ppl_curve_linear.png",
    "log": "outputs_opt_qkvo_lastk_sweep_v1\\ppl_curve_log.png",
    "ours_vs_fp": "outputs_opt_qkvo_lastk_sweep_v1\\ppl_curve_ours_vs_fp.png"
  }
}