{
  "config": {
    "data": {
      "model_name": "facebook/opt-125m",
      "dataset_name": "wikitext",
      "dataset_config": "wikitext-2-raw-v1",
      "calib_split": "train",
      "eval_split": "test",
      "calib_num_tokens": 4096,
      "eval_num_tokens": null,
      "tokenizer_use_fast": true
    },
    "quant": {
      "beta": 1.0,
      "max_iters": 300,
      "tol": 1e-05,
      "convergence_check_every": 1,
      "codebook": [
        -2.0,
        -1.0,
        0.0,
        1.0,
        2.0
      ],
      "dtype": "float32",
      "eps": 1e-08,
      "log_every": 1,
      "use_separate_scales": true,
      "scale_percentile": 0.995,
      "scale_max_samples": 2000000
    },
    "eval": {
      "stride": 512,
      "device": "cuda"
    },
    "output_dir": "./outputs_opt_lmhead_stage1-v6",
    "seed": 42
  },
  "quantization_completed": true,
  "bitwidth": 3,
  "baseline_ppl": 23.500680923461914,
  "sq_w_baseline_ppl": 27.302146911621094,
  "sq_xw_baseline_ppl": 36.94911575317383,
  "quantized_ppl": 72.6682357788086,
  "quant_metrics": {
    "rel_recon_error_x": 0.19817928354600936,
    "rel_recon_error_w": 0.1329756200660325,
    "rel_logits_error": 0.08662751935370744
  },
  "sq_w_metrics": {
    "rel_recon_error_w": 0.13044661778563618,
    "rel_logits_error": 0.01770080029232524
  },
  "sq_xw_metrics": {
    "rel_recon_error_x": 0.3330483181467302,
    "rel_recon_error_w": 0.13044661778563618,
    "rel_logits_error": 0.06854941516941379
  },
  "convergence_iter": 28,
  "objective_history": [
    0.4371660649776459,
    1.1220906972885132,
    0.39099663496017456,
    0.36118605732917786,
    0.3474656939506531,
    0.342044472694397,
    0.33770158886909485,
    0.3305703401565552,
    0.3278617858886719,
    0.3258245885372162,
    0.3236653208732605,
    0.3220982253551483,
    0.32147303223609924,
    0.3198673725128174,
    0.3197018802165985,
    0.31903892755508423,
    0.3178286552429199,
    0.31772422790527344,
    0.31745606660842896,
    0.3169647753238678,
    0.316244900226593,
    0.3162279427051544,
    0.3160259425640106,
    0.3155311942100525,
    0.3154323697090149,
    0.31544843316078186,
    0.31511807441711426,
    0.3151269853115082
  ],
  "objective_x_history": [
    0.2655624747276306,
    0.9859057664871216,
    0.2642577588558197,
    0.2363722175359726,
    0.22288037836551666,
    0.21572305262088776,
    0.2111528515815735,
    0.20783214271068573,
    0.20558589696884155,
    0.20391260087490082,
    0.2025863081216812,
    0.20155088603496552,
    0.20099569857120514,
    0.20024576783180237,
    0.19997335970401764,
    0.19966453313827515,
    0.19908897578716278,
    0.1989276111125946,
    0.19886256754398346,
    0.19849152863025665,
    0.1984260380268097,
    0.19839639961719513,
    0.1984127163887024,
    0.19824416935443878,
    0.19807249307632446,
    0.19827502965927124,
    0.19819527864456177,
    0.1982067972421646
  ],
  "objective_w_history": [
    0.17160359025001526,
    0.1361849159002304,
    0.12673887610435486,
    0.12481383234262466,
    0.12458531558513641,
    0.12632142007350922,
    0.12654873728752136,
    0.12273818254470825,
    0.12227589637041092,
    0.12191199511289597,
    0.12107900530099869,
    0.1205473393201828,
    0.12047732621431351,
    0.11962160468101501,
    0.11972851306200027,
    0.11937439441680908,
    0.11873966455459595,
    0.11879661679267883,
    0.11859351396560669,
    0.11847323924303055,
    0.11781886965036392,
    0.11783153563737869,
    0.11761323362588882,
    0.1172870397567749,
    0.11735986173152924,
    0.11717339605093002,
    0.11692281067371368,
    0.11692018806934357
  ],
  "tensor_info": {
    "X_calib": {
      "shape": [
        768,
        4096
      ],
      "dtype": "torch.float32",
      "device": "cpu",
      "mean": -0.08282167464494705,
      "std": 1.0456064939498901,
      "min": -13.247673034667969,
      "max": 14.853745460510254,
      "fro_norm": 1860.1971435546875
    },
    "W_lm_head": {
      "shape": [
        768,
        50272
      ],
      "dtype": "torch.float32",
      "device": "cpu",
      "mean": 0.025439253076910973,
      "std": 0.055402763187885284,
      "min": -0.50537109375,
      "max": 0.53515625,
      "fro_norm": 377.95306396484375
    },
    "U": {
      "shape": [
        768,
        768
      ],
      "dtype": "torch.float32",
      "device": "cpu",
      "mean": -2.7481761208036914e-05,
      "std": 0.036084383726119995,
      "min": -0.6864701509475708,
      "max": 0.74917072057724,
      "fro_norm": 27.712661743164062
    },
    "lambda_x": {
      "shape": [
        768
      ],
      "dtype": "torch.float32",
      "device": "cpu",
      "mean": 6.660222595655796e-09,
      "std": 1.8455093009350776e-09,
      "min": 0.0,
      "max": 2.575140811700294e-08,
      "fro_norm": 1.9152834340729896e-07
    },
    "lambda_w": {
      "shape": [
        768
      ],
      "dtype": "torch.float32",
      "device": "cpu",
      "mean": 0.01086045429110527,
      "std": 0.005224229302257299,
      "min": 0.005884885787963867,
      "max": 0.12905637919902802,
      "fro_norm": 0.3339848518371582
    },
    "Z_w": {
      "shape": [
        768,
        50272
      ],
      "dtype": "torch.float32",
      "device": "cpu",
      "mean": -0.0014725071378052235,
      "std": 5.109047889709473,
      "min": -13.861248970031738,
      "max": 13.861248970031738,
      "fro_norm": 31734.74609375
    },
    "z_cont_x": {
      "shape": [
        768,
        4096
      ],
      "dtype": "torch.float32",
      "device": "cpu",
      "mean": 91231.375,
      "std": 89091272.0,
      "min": -900494016.0,
      "max": 931882560.0,
      "fro_norm": 157971546112.0
    },
    "z_cont_w": {
      "shape": [
        768,
        50272
      ],
      "dtype": "torch.float32",
      "device": "cpu",
      "mean": -0.0014451183378696442,
      "std": 4.74548864364624,
      "min": -44.40914535522461,
      "max": 45.36368179321289,
      "fro_norm": 29402.568359375
    },
    "scale_x": {
      "value": 225602432.0
    },
    "scale_w": {
      "value": 6.930624485015869
    },
    "sq_w_scale": {
      "value": 0.0764508992433548
    },
    "sq_x_scale": {
      "value": 2.1219637393951416
    },
    "sq_weight_q": {
      "shape": [
        50272,
        768
      ],
      "dtype": "torch.float32",
      "device": "cuda:0",
      "mean": 0.025409283116459846,
      "std": 0.0599563904106617,
      "min": -0.5351563096046448,
      "max": 0.5351563096046448,
      "fro_norm": 405.1115417480469
    }
  },
  "timing_info": {
    "model_load_sec": 5.0103163000021596,
    "tokenize_calib_sec": 9.266926399999647,
    "collect_lm_head_inputs_sec": 0.6219755999991321,
    "fit_quantizer_and_metrics_sec": 122.84050129999741,
    "fit_quantizer_sec": 113.09335699999792,
    "build_sq_baselines_sec": 1.9376085000003513
  },
  "ppl_eval_info": {
    "baseline_fp": {
      "elapsed_sec": 99.56544679999934,
      "num_windows": 556.0,
      "num_eval_tokens": 286178.0,
      "num_target_tokens": 286178.0
    },
    "sq_w_baseline": {
      "elapsed_sec": 98.12921060000008,
      "num_windows": 556.0,
      "num_eval_tokens": 286178.0,
      "num_target_tokens": 286178.0
    },
    "sq_xw_baseline": {
      "elapsed_sec": 88.3622346000011,
      "num_windows": 556.0,
      "num_eval_tokens": 286178.0,
      "num_target_tokens": 286178.0
    },
    "quantized_lm_head": {
      "elapsed_sec": 72.35183809999944,
      "num_windows": 556.0,
      "num_eval_tokens": 286178.0,
      "num_target_tokens": 286178.0
    }
  },
  "plot_paths": {
    "objective_total": "outputs_opt_lmhead_stage1-v6\\objective_total.png",
    "objective_components": "outputs_opt_lmhead_stage1-v6\\objective_components.png"
  }
}