{
  "config": {
    "data": {
      "model_name": "facebook/opt-125m",
      "dataset_name": "wikitext",
      "dataset_config": "wikitext-2-raw-v1",
      "calib_split": "train",
      "eval_split": "test",
      "calib_num_tokens": 4096,
      "eval_num_tokens": null,
      "tokenizer_use_fast": true
    },
    "quant": {
      "beta": 1.0,
      "max_iters": 200,
      "tol": 1e-05,
      "convergence_check_every": 1,
      "codebook": [
        -2.0,
        -1.0,
        0.0,
        1.0,
        2.0
      ],
      "dtype": "float32",
      "eps": 1e-08,
      "log_every": 1
    },
    "eval": {
      "stride": 512,
      "device": "cuda"
    },
    "output_dir": "./outputs_opt_lmhead_stage1-v8",
    "seed": 42
  },
  "quantization_completed": true,
  "baseline_ppl": 23.500680923461914,
  "sq_xw_baseline_ppl": 36.94923782348633,
  "quantized_ppl": 45.15143585205078,
  "sq_xw_metrics": {
    "rel_recon_error_x": 0.3330483181467302,
    "rel_recon_error_w": 0.13044656274802885,
    "rel_logits_error": 0.06855037835269108
  },
  "quant_metrics": {
    "rel_recon_error_x": 0.054668777931741123,
    "rel_recon_error_w": 0.06109164250327674,
    "rel_logits_error": 0.0631076873848997
  },
  "convergence_iter": 174,
  "objective_history": [
    0.9214979410171509,
    0.3709372878074646,
    0.2080765962600708,
    0.16097021102905273,
    0.1433289498090744,
    0.13585445284843445,
    0.1321670562028885,
    0.1299283355474472,
    0.12833651900291443,
    0.12708482146263123,
    0.12603865563869476,
    0.12515902519226074,
    0.12439151108264923,
    0.12371870130300522,
    0.12312698364257812,
    0.12258996814489365,
    0.12210827320814133,
    0.12167229503393173,
    0.12127403914928436,
    0.12090766429901123,
    0.12057165801525116,
    0.12026046216487885,
    0.1199650913476944,
    0.1196882352232933,
    0.11942775547504425,
    0.11918400228023529,
    0.1189546063542366,
    0.11873742938041687,
    0.1185334175825119,
    0.11834245920181274,
    0.11816108971834183,
    0.11798526346683502,
    0.11782172322273254,
    0.11766589432954788,
    0.11752264201641083,
    0.11738452315330505,
    0.11725075542926788,
    0.11712373793125153,
    0.11700351536273956,
    0.11688695102930069,
    0.11677528917789459,
    0.11666907370090485,
    0.11656539142131805,
    0.11646667122840881,
    0.11637121438980103,
    0.11627880483865738,
    0.11618977040052414,
    0.11610488593578339,
    0.11602503061294556,
    0.115946464240551,
    0.11586955189704895,
    0.11579427123069763,
    0.11572128534317017,
    0.11565132439136505,
    0.11558087170124054,
    0.1155138611793518,
    0.1154501810669899,
    0.11538830399513245,
    0.11532779783010483,
    0.11527041345834732,
    0.11521400511264801,
    0.11515767872333527,
    0.11510372161865234,
    0.11505264043807983,
    0.1150011271238327,
    0.1149507462978363,
    0.11490221321582794,
    0.11485415697097778,
    0.11480648815631866,
    0.11476074904203415,
    0.11471638083457947,
    0.11467190086841583,
    0.1146278828382492,
    0.11458480358123779,
    0.1145441085100174,
    0.11450379341840744,
    0.11446372419595718,
    0.11442577838897705,
    0.11438856273889542,
    0.11435171961784363,
    0.11431587487459183,
    0.1142800897359848,
    0.11424540728330612,
    0.11421163380146027,
    0.11417942494153976,
    0.1141471266746521,
    0.11411537230014801,
    0.1140831708908081,
    0.11405310779809952,
    0.11402268707752228,
    0.1139930933713913,
    0.1139640361070633,
    0.11393426358699799,
    0.11390502750873566,
    0.1138763427734375,
    0.11384838819503784,
    0.11382117867469788,
    0.11379416286945343,
    0.11376756429672241,
    0.11374139785766602,
    0.11371517181396484,
    0.11369038373231888,
    0.11366548389196396,
    0.11364025622606277,
    0.11361481249332428,
    0.11359012871980667,
    0.11356565356254578,
    0.11354249715805054,
    0.1135207787156105,
    0.11349913477897644,
    0.11347730457782745,
    0.11345589905977249,
    0.11343523859977722,
    0.1134147047996521,
    0.1133943647146225,
    0.11337406933307648,
    0.11335424333810806,
    0.11333487927913666,
    0.11331618577241898,
    0.11329768598079681,
    0.11327831447124481,
    0.11326037347316742,
    0.11324174702167511,
    0.11322289705276489,
    0.11320437490940094,
    0.11318659782409668,
    0.11316939443349838,
    0.11315254867076874,
    0.11313550174236298,
    0.11311861872673035,
    0.11310149729251862,
    0.1130853071808815,
    0.11306969821453094,
    0.11305307596921921,
    0.11303861439228058,
    0.11302410066127777,
    0.1130082905292511,
    0.11299286782741547,
    0.11297737061977386,
    0.11296097934246063,
    0.11294600367546082,
    0.11293148994445801,
    0.11291684210300446,
    0.11290243268013,
    0.11288784444332123,
    0.11287404596805573,
    0.1128600686788559,
    0.11284610629081726,
    0.11283254623413086,
    0.11281904578208923,
    0.11280639469623566,
    0.1127934455871582,
    0.11278027296066284,
    0.11276745051145554,
    0.1127556711435318,
    0.1127440482378006,
    0.11273211240768433,
    0.11271972954273224,
    0.1127084270119667,
    0.1126961037516594,
    0.11268356442451477,
    0.11267136037349701,
    0.11265954375267029,
    0.11264823377132416,
    0.11263709515333176,
    0.11262620985507965,
    0.11261595785617828,
    0.1126054972410202,
    0.11259476840496063,
    0.1125844419002533,
    0.11257340013980865,
    0.11256275326013565,
    0.11255255341529846,
    0.11254273355007172
  ],